repo,pr_id,ast_node_count,cfg_node_count,ast_density,cfg_density
microsoft/vscode,324160,235,189,1.4329268292682926,1.1524390243902438
microsoft/vscode,324157,71,60,1.2241379310344827,1.0344827586206897
microsoft/vscode,324143,59,47,1.5526315789473684,1.236842105263158
microsoft/vscode,324135,1,1,1.0,1.0
microsoft/vscode,324132,3,2,3.0,2.0
microsoft/vscode,324128,5,5,1.0,1.0
microsoft/vscode,324127,372,305,1.4761904761904763,1.2103174603174602
microsoft/vscode,324124,153,114,1.9367088607594938,1.4430379746835442
microsoft/vscode,324118,207,159,1.725,1.325
microsoft/vscode,324117,150,128,1.271186440677966,1.0847457627118644
microsoft/vscode,324116,333,248,1.6485148514851484,1.2277227722772277
microsoft/vscode,324114,0,0,0.0,0.0
microsoft/vscode,324111,5,3,5.0,3.0
microsoft/vscode,324109,2,2,1.0,1.0
microsoft/vscode,324108,1,1,1.0,1.0
microsoft/vscode,324106,1,1,1.0,1.0
microsoft/vscode,324105,95,92,1.0674157303370786,1.0337078651685394
microsoft/vscode,324104,19,17,1.1875,1.0625
microsoft/vscode,324096,240,192,1.4723926380368098,1.177914110429448
microsoft/vscode,324089,44,37,1.3333333333333333,1.121212121212121
microsoft/vscode,324082,81,70,1.1911764705882353,1.0294117647058822
microsoft/vscode,324077,301,246,1.3870967741935485,1.1336405529953917
microsoft/vscode,324075,40,33,1.5384615384615385,1.2692307692307692
microsoft/vscode,324072,9,9,0.9,0.9
microsoft/vscode,324067,251,195,1.62987012987013,1.2662337662337662
microsoft/vscode,324058,0,0,0.0,0.0
microsoft/vscode,324056,84,66,1.7142857142857142,1.346938775510204
microsoft/vscode,324047,16,13,1.6,1.3
microsoft/vscode,324035,73,59,1.3518518518518519,1.0925925925925926
microsoft/vscode,324031,11,8,2.2,1.6
microsoft/vscode,324027,11,8,2.2,1.6
microsoft/vscode,324025,10,7,2.0,1.4
microsoft/vscode,324017,50,40,1.6129032258064515,1.2903225806451613
microsoft/vscode,324016,4,3,4.0,3.0
microsoft/vscode,324014,66,51,1.5714285714285714,1.2142857142857142
microsoft/vscode,324012,21,16,1.5,1.1428571428571428
microsoft/vscode,324009,6,4,3.0,2.0
microsoft/vscode,323991,15,11,2.142857142857143,1.5714285714285714
microsoft/vscode,323986,91,65,2.275,1.625
microsoft/vscode,323984,410,319,1.64,1.276
microsoft/vscode,323981,143,110,1.7439024390243902,1.3414634146341464
microsoft/vscode,323979,8,7,2.0,1.75
microsoft/vscode,323978,17,16,1.1333333333333333,1.0666666666666667
microsoft/vscode,323977,647,526,1.5046511627906978,1.2232558139534884
microsoft/vscode,323963,31,26,1.2916666666666667,1.0833333333333333
microsoft/vscode,323955,1359,1076,1.5638665132336018,1.238204833141542
microsoft/vscode,323951,5,3,5.0,3.0
microsoft/vscode,323943,19,15,1.7272727272727273,1.3636363636363635
microsoft/vscode,323940,3,3,1.0,1.0
microsoft/vscode,323938,5,5,1.0,1.0
microsoft/vscode,323932,15,11,2.142857142857143,1.5714285714285714
microsoft/vscode,323930,257,192,1.8759124087591241,1.4014598540145986
microsoft/vscode,323923,353,350,1.0172910662824208,1.0086455331412103
microsoft/vscode,323919,1,1,1.0,1.0
microsoft/vscode,323918,90,67,1.8,1.34
microsoft/vscode,323917,258,210,1.4576271186440677,1.1864406779661016
microsoft/vscode,323912,1093,970,0.9981735159817352,0.8858447488584474
microsoft/vscode,323896,230,179,1.6788321167883211,1.3065693430656935
microsoft/vscode,323892,13,10,1.8571428571428572,1.4285714285714286
microsoft/vscode,323889,3,2,1.5,1.0
microsoft/vscode,323887,68,51,2.0,1.5
microsoft/vscode,323886,1,1,1.0,1.0
microsoft/vscode,323882,139,89,3.3095238095238093,2.119047619047619
microsoft/vscode,323875,1,1,1.0,1.0
microsoft/vscode,323852,97,75,1.7017543859649122,1.3157894736842106
microsoft/vscode,323847,25,18,2.272727272727273,1.6363636363636365
microsoft/vscode,323831,25,19,1.7857142857142858,1.3571428571428572
microsoft/vscode,323816,2945,2945,2945.0,2945.0
microsoft/vscode,323803,81,59,1.8409090909090908,1.3409090909090908
microsoft/vscode,323792,169,169,1.0,1.0
microsoft/vscode,323788,73,64,0.8390804597701149,0.735632183908046
microsoft/vscode,323787,43,32,1.8695652173913044,1.391304347826087
microsoft/vscode,323784,184,184,1.0,1.0
microsoft/vscode,323782,329,265,1.46875,1.1830357142857142
microsoft/vscode,323778,47,34,1.9583333333333333,1.4166666666666667
microsoft/vscode,323776,54,48,1.173913043478261,1.0434782608695652
microsoft/vscode,323767,58,50,1.3488372093023255,1.1627906976744187
microsoft/vscode,323759,393,328,1.3551724137931034,1.1310344827586207
microsoft/vscode,323757,169,169,1.0,1.0
microsoft/vscode,323737,21,16,1.9090909090909092,1.4545454545454546
microsoft/vscode,323735,49,37,1.8148148148148149,1.3703703703703705
microsoft/vscode,323729,71,55,1.7317073170731707,1.3414634146341464
microsoft/vscode,323724,26,20,1.8571428571428572,1.4285714285714286
microsoft/vscode,323720,4,4,1.0,1.0
microsoft/vscode,323719,64,53,1.3333333333333333,1.1041666666666667
microsoft/vscode,323718,13,13,0.9285714285714286,0.9285714285714286
microsoft/vscode,323714,3,3,1.0,1.0
microsoft/vscode,323713,27,21,1.8,1.4
microsoft/vscode,323702,2,2,1.0,1.0
microsoft/vscode,323694,10,8,1.6666666666666667,1.3333333333333333
microsoft/vscode,323692,7,5,2.3333333333333335,1.6666666666666667
microsoft/vscode,323688,15,9,5.0,3.0
microsoft/vscode,323684,15,9,5.0,3.0
microsoft/vscode,323677,132,91,2.357142857142857,1.625
microsoft/vscode,323673,22872,21106,1.5454054054054054,1.4260810810810811
microsoft/vscode,323672,7,5,2.3333333333333335,1.6666666666666667
microsoft/vscode,323671,20,15,1.5384615384615385,1.1538461538461537
microsoft/vscode,323670,2,2,1.0,1.0
microsoft/vscode,323669,3,2,3.0,2.0
microsoft/vscode,323665,3,3,0.75,0.75
microsoft/vscode,323663,80,59,1.8181818181818181,1.3409090909090908
microsoft/vscode,323655,71,59,1.42,1.18
microsoft/vscode,323650,1111,810,1.8363636363636364,1.3388429752066116
microsoft/vscode,323649,9,7,1.5,1.1666666666666667
microsoft/vscode,323646,184,176,1.0887573964497042,1.0414201183431953
microsoft/vscode,323638,484,387,1.5365079365079366,1.2285714285714286
microsoft/vscode,323637,79,58,1.975,1.45
microsoft/vscode,323631,14,11,1.2727272727272727,1.0
microsoft/vscode,323627,2,2,1.0,1.0
microsoft/vscode,323621,4,4,1.0,1.0
microsoft/vscode,323619,1,1,1.0,1.0
microsoft/vscode,323614,0,0,0.0,0.0
microsoft/vscode,323612,3,3,1.0,1.0
microsoft/vscode,323610,37,28,1.7619047619047619,1.3333333333333333
microsoft/vscode,323609,170,139,1.452991452991453,1.188034188034188
microsoft/vscode,323601,41,35,1.2058823529411764,1.0294117647058822
microsoft/vscode,323599,133,104,1.6219512195121952,1.2682926829268293
microsoft/vscode,323593,65,50,1.625,1.25
microsoft/vscode,323591,128,90,2.327272727272727,1.6363636363636365
microsoft/vscode,323585,128,90,2.327272727272727,1.6363636363636365
microsoft/vscode,323583,31,26,1.3478260869565217,1.1304347826086956
microsoft/vscode,323582,99,73,2.0625,1.5208333333333333
microsoft/vscode,323563,31,26,1.3478260869565217,1.1304347826086956
microsoft/vscode,323555,12,10,2.0,1.6666666666666667
microsoft/vscode,323544,99,76,1.736842105263158,1.3333333333333333
microsoft/vscode,323536,1,1,1.0,1.0
microsoft/vscode,323520,60,54,1.25,1.125
microsoft/vscode,323519,3,3,1.0,1.0
microsoft/vscode,323518,1,1,1.0,1.0
microsoft/vscode,323517,1,1,1.0,1.0
microsoft/vscode,323516,69,57,1.5333333333333334,1.2666666666666666
microsoft/vscode,323514,99,76,1.736842105263158,1.3333333333333333
microsoft/vscode,323512,51,41,1.5454545454545454,1.2424242424242424
microsoft/vscode,323502,40,30,3.076923076923077,2.3076923076923075
microsoft/vscode,323500,449,355,1.5324232081911262,1.21160409556314
microsoft/vscode,323494,51,41,1.5454545454545454,1.2424242424242424
microsoft/vscode,323493,282,233,1.5080213903743316,1.2459893048128343
microsoft/vscode,323490,40,30,3.076923076923077,2.3076923076923075
pytorch/pytorch,188880,7,6,1.1666666666666667,1.0
pytorch/pytorch,188879,331,331,3.4123711340206184,3.4123711340206184
pytorch/pytorch,188877,1,1,1.0,1.0
pytorch/pytorch,188876,732,732,2.772727272727273,2.772727272727273
pytorch/pytorch,188875,65,65,4.333333333333333,4.333333333333333
pytorch/pytorch,188874,3,3,1.0,1.0
pytorch/pytorch,188873,135,135,7.9411764705882355,7.9411764705882355
pytorch/pytorch,188870,39,39,2.2941176470588234,2.2941176470588234
pytorch/pytorch,188869,691,691,5.758333333333334,5.758333333333334
pytorch/pytorch,188868,152,152,5.62962962962963,5.62962962962963
pytorch/pytorch,188865,13,13,6.5,6.5
pytorch/pytorch,188862,648,648,9.126760563380282,9.126760563380282
pytorch/pytorch,188861,39,39,1.0,1.0
pytorch/pytorch,188860,324,324,2.793103448275862,2.793103448275862
pytorch/pytorch,188859,84,80,3.230769230769231,3.076923076923077
pytorch/pytorch,188858,7,7,7.0,7.0
pytorch/pytorch,188857,147,140,4.323529411764706,4.117647058823529
pytorch/pytorch,188856,84,80,3.230769230769231,3.076923076923077
pytorch/pytorch,188855,1,1,1.0,1.0
pytorch/pytorch,188854,157,157,5.814814814814815,5.814814814814815
pytorch/pytorch,188853,90,90,1.9565217391304348,1.9565217391304348
pytorch/pytorch,188852,23,23,23.0,23.0
pytorch/pytorch,188850,1,1,1.0,1.0
pytorch/pytorch,188849,4223,4223,5.18159509202454,5.18159509202454
pytorch/pytorch,188848,2997,2997,4.281428571428571,4.281428571428571
pytorch/pytorch,188847,2997,2997,4.281428571428571,4.281428571428571
pytorch/pytorch,188846,4,4,1.0,1.0
pytorch/pytorch,188845,3,3,1.0,1.0
pytorch/pytorch,188844,2997,2997,4.281428571428571,4.281428571428571
pytorch/pytorch,188843,215,184,1.3109756097560976,1.1219512195121952
pytorch/pytorch,188842,43,43,1.0,1.0
pytorch/pytorch,188839,194,194,8.083333333333334,8.083333333333334
pytorch/pytorch,188838,42,42,10.5,10.5
pytorch/pytorch,188834,227,227,2.121495327102804,2.121495327102804
pytorch/pytorch,188832,15,15,1.0,1.0
pytorch/pytorch,188831,137,137,7.611111111111111,7.611111111111111
pytorch/pytorch,188830,73,73,3.65,3.65
pytorch/pytorch,188828,35,35,35.0,35.0
pytorch/pytorch,188827,2,2,1.0,1.0
pytorch/pytorch,188826,2,2,1.0,1.0
pytorch/pytorch,188825,1029,1029,3.675,3.675
pytorch/pytorch,188824,266,266,0.8235294117647058,0.8235294117647058
pytorch/pytorch,188823,93,93,0.93,0.93
pytorch/pytorch,188822,210,194,1.09375,1.0104166666666667
pytorch/pytorch,188820,255,255,2.451923076923077,2.451923076923077
pytorch/pytorch,188819,176,161,1.543859649122807,1.412280701754386
pytorch/pytorch,188818,39,39,3.25,3.25
pytorch/pytorch,188817,2,2,1.0,1.0
pytorch/pytorch,188815,23,18,1.7692307692307692,1.3846153846153846
pytorch/pytorch,188814,11,11,1.0,1.0
pytorch/pytorch,188811,44,44,2.588235294117647,2.588235294117647
pytorch/pytorch,188808,37,34,7.4,6.8
pytorch/pytorch,188807,6,6,0.6,0.6
pytorch/pytorch,188805,5,5,1.0,1.0
pytorch/pytorch,188804,909,866,3.430188679245283,3.267924528301887
pytorch/pytorch,188802,1494,1190,1.6221498371335505,1.292073832790445
pytorch/pytorch,188801,75,72,2.2058823529411766,2.1176470588235294
pytorch/pytorch,188800,4,3,2.0,1.5
pytorch/pytorch,188799,458,458,4.872340425531915,4.872340425531915
pytorch/pytorch,188797,0,0,0.0,0.0
pytorch/pytorch,188795,71,71,0.922077922077922,0.922077922077922
pytorch/pytorch,188794,137,137,0.958041958041958,0.958041958041958
pytorch/pytorch,188793,6,5,1.5,1.25
pytorch/pytorch,188791,35,30,1.2962962962962963,1.1111111111111112
pytorch/pytorch,188789,312,274,1.1304347826086956,0.9927536231884058
pytorch/pytorch,188788,252,250,3.876923076923077,3.8461538461538463
pytorch/pytorch,188787,2,2,1.0,1.0
pytorch/pytorch,188785,2,2,1.0,1.0
pytorch/pytorch,188784,516,446,1.2315035799522673,1.0644391408114557
pytorch/pytorch,188783,5,5,0.8333333333333334,0.8333333333333334
pytorch/pytorch,188782,14,13,1.0769230769230769,1.0
pytorch/pytorch,188781,14,13,1.0769230769230769,1.0
pytorch/pytorch,188780,14,13,1.0769230769230769,1.0
pytorch/pytorch,188779,126,117,2.8636363636363638,2.659090909090909
pytorch/pytorch,188778,29,29,0.9354838709677419,0.9354838709677419
pytorch/pytorch,188771,105,105,2.019230769230769,2.019230769230769
pytorch/pytorch,188769,1,1,1.0,1.0
pytorch/pytorch,188766,20,20,1.0,1.0
pytorch/pytorch,188764,433,430,7.216666666666667,7.166666666666667
pytorch/pytorch,188763,84,84,0.8842105263157894,0.8842105263157894
pytorch/pytorch,188762,171,168,5.516129032258065,5.419354838709677
pytorch/pytorch,188761,7,7,0.7777777777777778,0.7777777777777778
pytorch/pytorch,188760,9,9,1.0,1.0
pytorch/pytorch,188759,244,244,1.7941176470588236,1.7941176470588236
pytorch/pytorch,188758,60,60,3.3333333333333335,3.3333333333333335
pytorch/pytorch,188755,573,572,4.340909090909091,4.333333333333333
pytorch/pytorch,188754,1,1,1.0,1.0
pytorch/pytorch,188753,1,1,1.0,1.0
pytorch/pytorch,188752,117,117,4.0344827586206895,4.0344827586206895
pytorch/pytorch,188751,131,131,4.09375,4.09375
pytorch/pytorch,188749,133,133,2.078125,2.078125
pytorch/pytorch,188748,31,24,1.55,1.2
pytorch/pytorch,188747,4982,4691,3.782839787395596,3.5618830675778286
pytorch/pytorch,188746,2,2,1.0,1.0
pytorch/pytorch,188745,117,117,4.0344827586206895,4.0344827586206895
pytorch/pytorch,188744,131,131,4.09375,4.09375
pytorch/pytorch,188743,4,4,1.0,1.0
pytorch/pytorch,188742,40,40,0.8163265306122449,0.8163265306122449
pytorch/pytorch,188741,316,283,1.234375,1.10546875
pytorch/pytorch,188739,681,681,1.594847775175644,1.594847775175644
pytorch/pytorch,188738,219,219,3.3181818181818183,3.3181818181818183
pytorch/pytorch,188737,71,71,0.8658536585365854,0.8658536585365854
pytorch/pytorch,188736,2,2,1.0,1.0
pytorch/pytorch,188735,2,2,1.0,1.0
pytorch/pytorch,188734,1333,1333,4.1526479750778815,4.1526479750778815
pytorch/pytorch,188732,84,65,1.68,1.3
pytorch/pytorch,188731,293,247,1.4577114427860696,1.228855721393035
pytorch/pytorch,188730,576,520,1.2307692307692308,1.1111111111111112
pytorch/pytorch,188729,109,95,1.345679012345679,1.1728395061728396
pytorch/pytorch,188726,207,178,1.101063829787234,0.9468085106382979
pytorch/pytorch,188725,1,1,1.0,1.0
pytorch/pytorch,188724,38,38,0.9743589743589743,0.9743589743589743
pytorch/pytorch,188722,24,24,4.8,4.8
pytorch/pytorch,188720,106,106,0.9814814814814815,0.9814814814814815
pytorch/pytorch,188719,107,107,5.095238095238095,5.095238095238095
pytorch/pytorch,188703,30,30,15.0,15.0
pytorch/pytorch,188702,29,23,1.7058823529411764,1.3529411764705883
pytorch/pytorch,188701,42,42,1.0,1.0
pytorch/pytorch,188700,39,39,4.875,4.875
pytorch/pytorch,188699,249,210,1.456140350877193,1.2280701754385965
pytorch/pytorch,188698,671,671,3.2259615384615383,3.2259615384615383
pytorch/pytorch,188695,74,61,1.2333333333333334,1.0166666666666666
pytorch/pytorch,188694,359,353,1.1506410256410255,1.1314102564102564
pytorch/pytorch,188685,269,243,1.68125,1.51875
pytorch/pytorch,188682,44,43,2.0,1.9545454545454546
pytorch/pytorch,188681,41,41,0.7884615384615384,0.7884615384615384
pytorch/pytorch,188679,8,8,0.8,0.8
pytorch/pytorch,188673,0,0,0.0,0.0
pytorch/pytorch,188671,6,6,1.0,1.0
pytorch/pytorch,188667,102,102,0.8869565217391304,0.8869565217391304
pytorch/pytorch,188666,23,23,11.5,11.5
pytorch/pytorch,188665,12,12,12.0,12.0
pytorch/pytorch,188664,27,27,9.0,9.0
pytorch/pytorch,188663,25,25,0.9615384615384616,0.9615384615384616
pytorch/pytorch,188662,8,8,1.0,1.0
pytorch/pytorch,188661,181,180,7.24,7.2
pytorch/pytorch,188660,283,283,4.639344262295082,4.639344262295082
pytorch/pytorch,188659,137,119,1.2685185185185186,1.1018518518518519
pytorch/pytorch,188657,33,33,0.8048780487804879,0.8048780487804879
pytorch/pytorch,188656,45,45,1.0,1.0
pytorch/pytorch,188654,98,82,1.4,1.1714285714285715
pytorch/pytorch,188653,118,118,1.5733333333333333,1.5733333333333333
pytorch/pytorch,188651,1,1,1.0,1.0
pytorch/pytorch,188649,169,169,2.640625,2.640625
pytorch/pytorch,188647,237,237,7.40625,7.40625
pytorch/pytorch,188646,93,93,9.3,9.3
pytorch/pytorch,188645,174,117,2.9,1.95
pytorch/pytorch,188644,116,116,2.8292682926829267,2.8292682926829267
pytorch/pytorch,188643,1070,985,2.3516483516483517,2.1648351648351647
pytorch/pytorch,188642,35,35,11.666666666666666,11.666666666666666
pytorch/pytorch,188641,291,291,8.083333333333334,8.083333333333334
pytorch/pytorch,188640,3,3,0.75,0.75
pytorch/pytorch,188639,675,675,3.7709497206703912,3.7709497206703912
pytorch/pytorch,188638,469,469,5.043010752688172,5.043010752688172
pytorch/pytorch,188637,1306,1306,3.8985074626865672,3.8985074626865672
pytorch/pytorch,188636,46,46,0.9387755102040817,0.9387755102040817
pytorch/pytorch,188634,24,24,0.8571428571428571,0.8571428571428571
pytorch/pytorch,188633,42,40,1.5555555555555556,1.4814814814814814
pytorch/pytorch,188632,164,164,5.857142857142857,5.857142857142857
pytorch/pytorch,188631,164,164,3.727272727272727,3.727272727272727
pytorch/pytorch,188630,353,341,1.7918781725888324,1.7309644670050761
pytorch/pytorch,188626,80,71,1.25,1.109375
pytorch/pytorch,188625,90,81,1.139240506329114,1.0253164556962024
pytorch/pytorch,188624,1,1,1.0,1.0
pytorch/pytorch,188623,160,158,6.666666666666667,6.583333333333333
pytorch/pytorch,188622,217,217,3.390625,3.390625
pytorch/pytorch,188621,1547,1543,3.0633663366336634,3.0554455445544555
pytorch/pytorch,188620,1,1,1.0,1.0
pytorch/pytorch,188619,28,21,2.0,1.5
pytorch/pytorch,188618,190,169,1.1875,1.05625
pytorch/pytorch,188617,0,0,0.0,0.0
pytorch/pytorch,188616,12,10,1.5,1.25
pytorch/pytorch,188615,93,93,9.3,9.3
pytorch/pytorch,188614,30,30,0.8823529411764706,0.8823529411764706
pytorch/pytorch,188613,301,277,3.01,2.77
pytorch/pytorch,188612,36,36,2.769230769230769,2.769230769230769
pytorch/pytorch,188611,22,21,2.75,2.625
pytorch/pytorch,188610,1549,1549,4.917460317460318,4.917460317460318
pytorch/pytorch,188609,47,44,1.119047619047619,1.0476190476190477
pytorch/pytorch,188608,25,20,1.4705882352941178,1.1764705882352942
pytorch/pytorch,188607,272,272,4.387096774193548,4.387096774193548
pytorch/pytorch,188606,59,59,2.6818181818181817,2.6818181818181817
pytorch/pytorch,188605,147,147,3.127659574468085,3.127659574468085
pytorch/pytorch,188604,1,1,1.0,1.0
pytorch/pytorch,188603,49,39,1.5806451612903225,1.2580645161290323
pytorch/pytorch,188601,77,66,1.711111111111111,1.4666666666666666
pytorch/pytorch,188600,54,54,1.8,1.8
pytorch/pytorch,188599,1,1,1.0,1.0
pytorch/pytorch,188598,32,32,1.0,1.0
pytorch/pytorch,188597,280,241,1.627906976744186,1.4011627906976745
pytorch/pytorch,188596,132,132,3.8823529411764706,3.8823529411764706
pytorch/pytorch,188595,131,131,4.09375,4.09375
pytorch/pytorch,188594,7,7,2.3333333333333335,2.3333333333333335
pytorch/pytorch,188593,241,241,2.2523364485981308,2.2523364485981308
pytorch/pytorch,188592,8,8,1.0,1.0
pytorch/pytorch,188591,11,11,0.9166666666666666,0.9166666666666666
pytorch/pytorch,188590,21,18,1.3125,1.125
pytorch/pytorch,188589,6,5,1.0,0.8333333333333334
pytorch/pytorch,188588,1047,1047,6.933774834437086,6.933774834437086
pytorch/pytorch,188587,813,709,1.2393292682926829,1.0807926829268293
pytorch/pytorch,188586,1716,1478,1.170532060027285,1.0081855388813097
pytorch/pytorch,188585,1642,1312,1.491371480472298,1.1916439600363307
pytorch/pytorch,188584,1150,944,1.3248847926267282,1.087557603686636
pytorch/pytorch,188583,1123,987,1.1637305699481866,1.0227979274611398
pytorch/pytorch,188582,1514,1263,1.2896081771720613,1.075809199318569
pytorch/pytorch,188581,271,271,6.609756097560975,6.609756097560975
pytorch/pytorch,188580,2,2,1.0,1.0
pytorch/pytorch,188579,42,42,1.4482758620689655,1.4482758620689655
pytorch/pytorch,188577,114,110,1.9655172413793103,1.896551724137931
pytorch/pytorch,188576,527,523,4.319672131147541,4.286885245901639
pytorch/pytorch,188575,151,151,3.5952380952380953,3.5952380952380953
pytorch/pytorch,188574,63,63,1.0,1.0
pytorch/pytorch,188573,30,30,2.5,2.5
pytorch/pytorch,188572,303,303,2.72972972972973,2.72972972972973
pytorch/pytorch,188571,370,302,1.6591928251121075,1.3542600896860986
pytorch/pytorch,188570,637,623,4.423611111111111,4.326388888888889
pytorch/pytorch,188569,47,47,0.8703703703703703,0.8703703703703703
pytorch/pytorch,188568,1,1,1.0,1.0
pytorch/pytorch,188566,470,470,8.392857142857142,8.392857142857142
pytorch/pytorch,188565,506,428,1.6063492063492064,1.3587301587301588
pytorch/pytorch,188563,21,16,1.9090909090909092,1.4545454545454546
pytorch/pytorch,188562,8,8,1.1428571428571428,1.1428571428571428
pytorch/pytorch,188560,115,115,1.4935064935064934,1.4935064935064934
pytorch/pytorch,188559,45,45,4.090909090909091,4.090909090909091
pytorch/pytorch,188558,120,120,0.8955223880597015,0.8955223880597015
pytorch/pytorch,188556,203,203,4.72093023255814,4.72093023255814
pytorch/pytorch,188555,79,79,4.647058823529412,4.647058823529412
pytorch/pytorch,188554,1735,1698,3.6914893617021276,3.6127659574468085
pytorch/pytorch,188552,2,2,1.0,1.0
pytorch/pytorch,188551,15,15,1.0,1.0
pytorch/pytorch,188550,1,1,1.0,1.0
pytorch/pytorch,188549,28,22,1.6470588235294117,1.2941176470588236
pytorch/pytorch,188548,233,226,2.9871794871794872,2.8974358974358974
pytorch/pytorch,188546,530,530,5.955056179775281,5.955056179775281
pytorch/pytorch,188543,2,2,2.0,2.0
pytorch/pytorch,188540,37,37,6.166666666666667,6.166666666666667
pytorch/pytorch,188539,31,27,1.24,1.08
pytorch/pytorch,188537,16,16,8.0,8.0
pytorch/pytorch,188535,128,128,0.8590604026845637,0.8590604026845637
pytorch/pytorch,188534,1,1,1.0,1.0
pytorch/pytorch,188533,250,250,4.901960784313726,4.901960784313726
pytorch/pytorch,188532,66,66,1.8857142857142857,1.8857142857142857
pytorch/pytorch,188531,94,94,4.7,4.7
pytorch/pytorch,188530,3,3,3.0,3.0
pytorch/pytorch,188529,24,23,1.0434782608695652,1.0
pytorch/pytorch,188528,87,87,6.6923076923076925,6.6923076923076925
pytorch/pytorch,188527,78,78,0.8571428571428571,0.8571428571428571
pytorch/pytorch,188526,47,47,5.222222222222222,5.222222222222222
pytorch/pytorch,188525,23,23,0.92,0.92
pytorch/pytorch,188524,29,29,0.8787878787878788,0.8787878787878788
pytorch/pytorch,188523,1241,1241,7.011299435028248,7.011299435028248
pytorch/pytorch,188522,5887,5887,5.834489593657087,5.834489593657087
pytorch/pytorch,188521,27,27,1.0,1.0
pytorch/pytorch,188518,18,13,2.25,1.625
pytorch/pytorch,188517,69,69,1.7692307692307692,1.7692307692307692
pytorch/pytorch,188516,49,49,1.4,1.4
pytorch/pytorch,188511,6,4,3.0,2.0
pytorch/pytorch,188509,7,7,7.0,7.0
pytorch/pytorch,188508,30,28,1.1111111111111112,1.037037037037037
pytorch/pytorch,188507,5,5,1.0,1.0
pytorch/pytorch,188506,1,1,1.0,1.0
pytorch/pytorch,188505,82,79,1.7446808510638299,1.6808510638297873
pytorch/pytorch,188504,5,5,1.0,1.0
pytorch/pytorch,188502,30,30,0.9375,0.9375
pytorch/pytorch,188501,37,37,0.9487179487179487,0.9487179487179487
pytorch/pytorch,188500,1428,1427,1.8331193838254172,1.8318356867779204
pytorch/pytorch,188499,29,29,0.9354838709677419,0.9354838709677419
pytorch/pytorch,188498,31,31,0.9393939393939394,0.9393939393939394
pytorch/pytorch,188497,82,82,1.7826086956521738,1.7826086956521738
pytorch/pytorch,188495,30,30,0.8823529411764706,0.8823529411764706
pytorch/pytorch,188494,12,10,1.5,1.25
pytorch/pytorch,188493,79,79,1.253968253968254,1.253968253968254
pytorch/pytorch,188491,305,305,6.777777777777778,6.777777777777778
pytorch/pytorch,188489,57,57,1.0555555555555556,1.0555555555555556
pytorch/pytorch,188488,26,26,2.1666666666666665,2.1666666666666665
pytorch/pytorch,188487,228,228,2.7142857142857144,2.7142857142857144
pytorch/pytorch,188486,81,81,1.173913043478261,1.173913043478261
pytorch/pytorch,188485,336,319,3.8620689655172415,3.6666666666666665
pytorch/pytorch,188484,170,160,1.0828025477707006,1.019108280254777
pytorch/pytorch,188483,1050,933,2.5240384615384617,2.2427884615384617
pytorch/pytorch,188480,1999,1999,3.8891050583657587,3.8891050583657587
pytorch/pytorch,188479,1747,1747,5.063768115942029,5.063768115942029
pytorch/pytorch,188478,1,1,1.0,1.0
pytorch/pytorch,188475,120,94,1.5584415584415585,1.2207792207792207
pytorch/pytorch,188474,380,380,3.9583333333333335,3.9583333333333335
pytorch/pytorch,188473,972,874,2.25,2.0231481481481484
pytorch/pytorch,188472,593,593,2.430327868852459,2.430327868852459
pytorch/pytorch,188471,36,29,1.565217391304348,1.2608695652173914
pytorch/pytorch,188470,2939,2870,3.532451923076923,3.449519230769231
langchain-ai/langchain,38636,9,9,1.0,1.0
langchain-ai/langchain,38635,1,1,1.0,1.0
langchain-ai/langchain,38634,11,11,11.0,11.0
langchain-ai/langchain,38633,89,89,6.357142857142857,6.357142857142857
langchain-ai/langchain,38632,0,0,0.0,0.0
langchain-ai/langchain,38631,2,2,1.0,1.0
langchain-ai/langchain,38628,3,3,1.0,1.0
langchain-ai/langchain,38625,37,37,4.625,4.625
langchain-ai/langchain,38624,385,385,2.162921348314607,2.162921348314607
langchain-ai/langchain,38623,287,287,6.1063829787234045,6.1063829787234045
langchain-ai/langchain,38622,146,146,1.489795918367347,1.489795918367347
langchain-ai/langchain,38621,617,617,5.3652173913043475,5.3652173913043475
langchain-ai/langchain,38620,24,24,2.0,2.0
langchain-ai/langchain,38619,1241,1241,4.683018867924528,4.683018867924528
langchain-ai/langchain,38618,1087,1087,4.262745098039216,4.262745098039216
langchain-ai/langchain,38617,190,190,1.450381679389313,1.450381679389313
langchain-ai/langchain,38616,272,272,3.1264367816091956,3.1264367816091956
langchain-ai/langchain,38615,271,271,2.8229166666666665,2.8229166666666665
langchain-ai/langchain,38614,501,501,5.894117647058824,5.894117647058824
langchain-ai/langchain,38613,93,93,3.72,3.72
langchain-ai/langchain,38611,154,154,3.5,3.5
langchain-ai/langchain,38609,425,425,3.2196969696969697,3.2196969696969697
langchain-ai/langchain,38608,5202,5202,5.1,5.1
langchain-ai/langchain,38607,218,218,5.45,5.45
langchain-ai/langchain,38606,2,2,1.0,1.0
langchain-ai/langchain,38604,2,2,1.0,1.0
langchain-ai/langchain,38602,3281,3281,6.24952380952381,6.24952380952381
langchain-ai/langchain,38600,148,148,4.933333333333334,4.933333333333334
langchain-ai/langchain,38599,5,5,1.0,1.0
langchain-ai/langchain,38598,9,9,1.0,1.0
langchain-ai/langchain,38597,3,3,1.0,1.0
langchain-ai/langchain,38596,15,15,0.9375,0.9375
langchain-ai/langchain,38595,7,7,1.0,1.0
langchain-ai/langchain,38594,3,3,1.0,1.0
langchain-ai/langchain,38593,4,4,1.0,1.0
langchain-ai/langchain,38592,15,15,0.9375,0.9375
langchain-ai/langchain,38591,3,3,1.0,1.0
langchain-ai/langchain,38588,1,1,1.0,1.0
langchain-ai/langchain,38587,437,437,0.9931818181818182,0.9931818181818182
langchain-ai/langchain,38586,1,1,1.0,1.0
langchain-ai/langchain,38585,38,38,1.0,1.0
langchain-ai/langchain,38582,12,12,1.0,1.0
langchain-ai/langchain,38581,708,708,4.0,4.0
langchain-ai/langchain,38579,87,87,5.8,5.8
langchain-ai/langchain,38578,225,225,3.1690140845070425,3.1690140845070425
langchain-ai/langchain,38577,9,9,1.0,1.0
langchain-ai/langchain,38576,2995,2883,1.8614045991298944,1.7917961466749535
langchain-ai/langchain,38575,332,332,5.26984126984127,5.26984126984127
langchain-ai/langchain,38574,12,8,2.4,1.6
langchain-ai/langchain,38573,590,590,3.4302325581395348,3.4302325581395348
langchain-ai/langchain,38571,13,13,3.25,3.25
langchain-ai/langchain,38570,16,16,2.2857142857142856,2.2857142857142856
langchain-ai/langchain,38569,13,13,3.25,3.25
langchain-ai/langchain,38568,39,39,3.9,3.9
langchain-ai/langchain,38567,5,5,1.0,1.0
langchain-ai/langchain,38566,200,184,1.1904761904761905,1.0952380952380953
langchain-ai/langchain,38564,9,9,1.0,1.0
langchain-ai/langchain,38563,4,4,1.0,1.0
langchain-ai/langchain,38562,0,0,0.0,0.0
langchain-ai/langchain,38558,63,63,1.0862068965517242,1.0862068965517242
langchain-ai/langchain,38556,223,223,3.0547945205479454,3.0547945205479454
langchain-ai/langchain,38554,140,140,2.641509433962264,2.641509433962264
langchain-ai/langchain,38553,7,7,2.3333333333333335,2.3333333333333335
langchain-ai/langchain,38552,165,165,0.9166666666666666,0.9166666666666666
langchain-ai/langchain,38551,222,222,4.269230769230769,4.269230769230769
langchain-ai/langchain,38547,22,22,5.5,5.5
langchain-ai/langchain,38546,126,126,2.52,2.52
langchain-ai/langchain,38545,6,6,1.0,1.0
langchain-ai/langchain,38543,244,244,2.0,2.0
langchain-ai/langchain,38542,205,205,2.3295454545454546,2.3295454545454546
langchain-ai/langchain,38541,175,175,3.5,3.5
langchain-ai/langchain,38539,173,173,3.6041666666666665,3.6041666666666665
langchain-ai/langchain,38538,172,172,3.6595744680851063,3.6595744680851063
langchain-ai/langchain,38537,290,290,3.118279569892473,3.118279569892473
langchain-ai/langchain,38535,1,1,1.0,1.0
langchain-ai/langchain,38533,34,34,0.8717948717948718,0.8717948717948718
langchain-ai/langchain,38532,210,210,4.7727272727272725,4.7727272727272725
langchain-ai/langchain,38531,200,184,1.1904761904761905,1.0952380952380953
langchain-ai/langchain,38528,138,138,4.0588235294117645,4.0588235294117645
langchain-ai/langchain,38527,17,17,8.5,8.5
langchain-ai/langchain,38522,7,7,1.0,1.0
langchain-ai/langchain,38520,82,82,0.8631578947368421,0.8631578947368421
langchain-ai/langchain,38519,82,82,0.8631578947368421,0.8631578947368421
langchain-ai/langchain,38518,313,313,3.6823529411764704,3.6823529411764704
langchain-ai/langchain,38517,114,114,2.85,2.85
langchain-ai/langchain,38516,84,84,0.865979381443299,0.865979381443299
langchain-ai/langchain,38515,99,99,2.302325581395349,2.302325581395349
langchain-ai/langchain,38514,138,138,4.451612903225806,4.451612903225806
langchain-ai/langchain,38513,98,98,4.260869565217392,4.260869565217392
langchain-ai/langchain,38512,119,119,5.666666666666667,5.666666666666667
langchain-ai/langchain,38511,24,24,4.8,4.8
langchain-ai/langchain,38510,7,7,7.0,7.0
langchain-ai/langchain,38507,696,696,3.643979057591623,3.643979057591623
langchain-ai/langchain,38505,270,270,5.0,5.0
langchain-ai/langchain,38503,19,19,1.0,1.0
langchain-ai/langchain,38502,133,133,2.66,2.66
langchain-ai/langchain,38501,82,82,3.727272727272727,3.727272727272727
langchain-ai/langchain,38500,89,89,1.8936170212765957,1.8936170212765957
langchain-ai/langchain,38499,0,0,0.0,0.0
langchain-ai/langchain,38498,31,31,7.75,7.75
langchain-ai/langchain,38497,49,49,2.130434782608696,2.130434782608696
langchain-ai/langchain,38496,123,123,2.9285714285714284,2.9285714285714284
langchain-ai/langchain,38495,89,89,1.8936170212765957,1.8936170212765957
langchain-ai/langchain,38494,293,293,5.327272727272727,5.327272727272727
langchain-ai/langchain,38490,7,7,2.3333333333333335,2.3333333333333335
langchain-ai/langchain,38489,295,295,2.7314814814814814,2.7314814814814814
langchain-ai/langchain,38488,56,56,1.2444444444444445,1.2444444444444445
langchain-ai/langchain,38487,907,907,3.127586206896552,3.127586206896552
langchain-ai/langchain,38483,832,832,3.764705882352941,3.764705882352941
langchain-ai/langchain,38481,488,488,4.280701754385965,4.280701754385965
langchain-ai/langchain,38480,135,135,2.872340425531915,2.872340425531915
langchain-ai/langchain,38479,4,4,1.0,1.0
langchain-ai/langchain,38478,4,4,1.0,1.0
langchain-ai/langchain,38477,4,4,1.0,1.0
langchain-ai/langchain,38476,4,4,1.0,1.0
langchain-ai/langchain,38475,4,4,1.0,1.0
langchain-ai/langchain,38474,3,3,1.0,1.0
langchain-ai/langchain,38473,7,7,2.3333333333333335,2.3333333333333335
langchain-ai/langchain,38472,14,14,2.8,2.8
langchain-ai/langchain,38470,102,102,3.090909090909091,3.090909090909091
langchain-ai/langchain,38466,98,98,1.2098765432098766,1.2098765432098766
langchain-ai/langchain,38464,17,17,8.5,8.5
langchain-ai/langchain,38463,1313,1313,4.003048780487805,4.003048780487805
langchain-ai/langchain,38462,274,274,2.74,2.74
langchain-ai/langchain,38460,308,308,4.4,4.4
langchain-ai/langchain,38459,343,343,5.119402985074627,5.119402985074627
langchain-ai/langchain,38458,343,343,5.119402985074627,5.119402985074627
langchain-ai/langchain,38454,48,48,6.857142857142857,6.857142857142857
langchain-ai/langchain,38450,22,22,1.0,1.0
langchain-ai/langchain,38449,10,10,1.0,1.0
langchain-ai/langchain,38448,13,13,1.625,1.625
langchain-ai/langchain,38447,2,2,1.0,1.0
langchain-ai/langchain,38446,8,8,1.0,1.0
langchain-ai/langchain,38445,12,12,1.0,1.0
langchain-ai/langchain,38444,0,0,0.0,0.0
langchain-ai/langchain,38443,12,12,4.0,4.0
langchain-ai/langchain,38442,671,671,2.8553191489361702,2.8553191489361702
langchain-ai/langchain,38441,222,222,4.826086956521739,4.826086956521739
langchain-ai/langchain,38438,156,156,2.4,2.4
langchain-ai/langchain,38436,88,88,3.142857142857143,3.142857142857143
langchain-ai/langchain,38435,132,132,3.6666666666666665,3.6666666666666665
langchain-ai/langchain,38434,88,88,3.142857142857143,3.142857142857143
langchain-ai/langchain,38433,5,5,1.0,1.0
langchain-ai/langchain,38432,204,204,3.5172413793103448,3.5172413793103448
langchain-ai/langchain,38431,111,111,3.0833333333333335,3.0833333333333335
langchain-ai/langchain,38430,215,215,4.215686274509804,4.215686274509804
langchain-ai/langchain,38429,204,204,3.5172413793103448,3.5172413793103448
langchain-ai/langchain,38428,206,206,4.5777777777777775,4.5777777777777775
langchain-ai/langchain,38427,402,402,3.5575221238938055,3.5575221238938055
langchain-ai/langchain,38423,142,142,3.736842105263158,3.736842105263158
langchain-ai/langchain,38422,206,206,4.5777777777777775,4.5777777777777775
langchain-ai/langchain,38421,225,225,3.75,3.75
langchain-ai/langchain,38420,63,63,2.625,2.625
langchain-ai/langchain,38417,251,251,4.183333333333334,4.183333333333334
langchain-ai/langchain,38416,5,5,1.0,1.0
langchain-ai/langchain,38415,204,204,3.5172413793103448,3.5172413793103448
langchain-ai/langchain,38413,0,0,0.0,0.0
langchain-ai/langchain,38412,204,204,3.5172413793103448,3.5172413793103448
langchain-ai/langchain,38411,89,89,3.423076923076923,3.423076923076923
langchain-ai/langchain,38410,196,196,5.297297297297297,5.297297297297297
langchain-ai/langchain,38409,55,55,2.391304347826087,2.391304347826087
langchain-ai/langchain,38408,204,204,3.5172413793103448,3.5172413793103448
langchain-ai/langchain,38407,216,216,3.540983606557377,3.540983606557377
langchain-ai/langchain,38406,89,89,2.3421052631578947,2.3421052631578947
langchain-ai/langchain,38405,38,38,5.428571428571429,5.428571428571429
langchain-ai/langchain,38403,56,56,5.6,5.6
langchain-ai/langchain,38402,132,132,2.693877551020408,2.693877551020408
langchain-ai/langchain,38401,17,17,8.5,8.5
langchain-ai/langchain,38400,7,7,7.0,7.0
langchain-ai/langchain,38399,181,181,2.5492957746478875,2.5492957746478875
langchain-ai/langchain,38397,101,101,1.7719298245614035,1.7719298245614035
langchain-ai/langchain,38395,43,43,2.8666666666666667,2.8666666666666667
langchain-ai/langchain,38394,2,2,1.0,1.0
langchain-ai/langchain,38392,236,236,2.7126436781609193,2.7126436781609193
langchain-ai/langchain,38389,113,113,2.4565217391304346,2.4565217391304346
langchain-ai/langchain,38387,69,69,0.8961038961038961,0.8961038961038961
langchain-ai/langchain,38385,134,134,1.576470588235294,1.576470588235294
langchain-ai/langchain,38383,148,148,2.792452830188679,2.792452830188679
langchain-ai/langchain,38382,383,383,4.974025974025974,4.974025974025974
langchain-ai/langchain,38381,7,7,2.3333333333333335,2.3333333333333335
langchain-ai/langchain,38379,4,4,1.0,1.0
langchain-ai/langchain,38378,327,327,3.478723404255319,3.478723404255319
langchain-ai/langchain,38377,9,9,1.8,1.8
langchain-ai/langchain,38376,0,0,0.0,0.0
langchain-ai/langchain,38375,7,7,2.3333333333333335,2.3333333333333335
langchain-ai/langchain,38373,7,7,2.3333333333333335,2.3333333333333335
langchain-ai/langchain,38372,598,598,2.681614349775785,2.681614349775785
langchain-ai/langchain,38371,65,65,1.6666666666666667,1.6666666666666667
langchain-ai/langchain,38369,56,56,0.9824561403508771,0.9824561403508771
langchain-ai/langchain,38368,204,204,2.5185185185185186,2.5185185185185186
langchain-ai/langchain,38367,11,11,1.0,1.0
langchain-ai/langchain,38365,39,39,7.8,7.8
langchain-ai/langchain,38364,252,252,4.131147540983607,4.131147540983607
langchain-ai/langchain,38360,262,262,3.6901408450704225,3.6901408450704225
langchain-ai/langchain,38359,231,231,10.043478260869565,10.043478260869565
langchain-ai/langchain,38358,86,86,1.6538461538461537,1.6538461538461537
langchain-ai/langchain,38357,49,49,0.9074074074074074,0.9074074074074074
langchain-ai/langchain,38356,13,13,2.1666666666666665,2.1666666666666665
langchain-ai/langchain,38355,57,57,1.0555555555555556,1.0555555555555556
langchain-ai/langchain,38346,162,162,1.4594594594594594,1.4594594594594594
langchain-ai/langchain,38344,1712,1712,3.317829457364341,3.317829457364341
langchain-ai/langchain,38342,1924,1924,3.4480286738351253,3.4480286738351253
langchain-ai/langchain,38341,37,37,1.0,1.0
langchain-ai/langchain,38340,3,3,1.0,1.0
langchain-ai/langchain,38339,27,27,3.375,3.375
langchain-ai/langchain,38338,18,18,6.0,6.0
langchain-ai/langchain,38336,146,146,4.055555555555555,4.055555555555555
langchain-ai/langchain,38333,21,21,3.5,3.5
langchain-ai/langchain,38332,21,21,3.5,3.5
langchain-ai/langchain,38331,55,55,1.0,1.0
langchain-ai/langchain,38330,2,2,1.0,1.0
langchain-ai/langchain,38328,75,75,5.0,5.0
langchain-ai/langchain,38327,3,3,1.0,1.0
langchain-ai/langchain,38326,3,3,1.0,1.0
langchain-ai/langchain,38325,10,10,1.0,1.0
langchain-ai/langchain,38324,9,9,1.0,1.0
langchain-ai/langchain,38323,4,4,1.0,1.0
langchain-ai/langchain,38322,4,4,1.0,1.0
langchain-ai/langchain,38321,4,4,1.0,1.0
langchain-ai/langchain,38320,77,77,0.9871794871794872,0.9871794871794872
langchain-ai/langchain,38319,71,71,0.9861111111111112,0.9861111111111112
langchain-ai/langchain,38318,9,9,1.0,1.0
langchain-ai/langchain,38317,4,4,1.0,1.0
langchain-ai/langchain,38316,76,76,0.987012987012987,0.987012987012987
langchain-ai/langchain,38315,8,8,1.0,1.0
langchain-ai/langchain,38314,4,4,1.0,1.0
langchain-ai/langchain,38313,4,4,1.0,1.0
langchain-ai/langchain,38312,76,76,0.987012987012987,0.987012987012987
langchain-ai/langchain,38311,9,9,1.0,1.0
langchain-ai/langchain,38310,8,8,1.0,1.0
langchain-ai/langchain,38309,10,10,1.0,1.0
langchain-ai/langchain,38308,5,5,1.0,1.0
langchain-ai/langchain,38307,4,4,1.0,1.0
langchain-ai/langchain,38306,5,5,1.0,1.0
langchain-ai/langchain,38305,4,4,1.0,1.0
langchain-ai/langchain,38304,76,76,0.987012987012987,0.987012987012987
langchain-ai/langchain,38303,72,72,0.9863013698630136,0.9863013698630136
langchain-ai/langchain,38302,8,8,1.0,1.0
langchain-ai/langchain,38301,72,72,0.9863013698630136,0.9863013698630136
langchain-ai/langchain,38300,8,8,1.0,1.0
langchain-ai/langchain,38299,4,4,1.0,1.0
langchain-ai/langchain,38298,76,76,0.987012987012987,0.987012987012987
langchain-ai/langchain,38297,76,76,0.987012987012987,0.987012987012987
langchain-ai/langchain,38296,4,4,1.0,1.0
langchain-ai/langchain,38295,8,8,1.0,1.0
langchain-ai/langchain,38294,5,5,1.0,1.0
langchain-ai/langchain,38293,6,6,1.0,1.0
langchain-ai/langchain,38292,76,76,0.987012987012987,0.987012987012987
langchain-ai/langchain,38291,8,8,1.0,1.0
langchain-ai/langchain,38290,8,8,1.0,1.0
langchain-ai/langchain,38289,76,76,0.987012987012987,0.987012987012987
langchain-ai/langchain,38288,8,8,1.0,1.0
langchain-ai/langchain,38287,76,76,0.987012987012987,0.987012987012987
langchain-ai/langchain,38286,4,4,1.0,1.0
langchain-ai/langchain,38285,4,4,1.0,1.0
langchain-ai/langchain,38284,5,5,1.0,1.0
langchain-ai/langchain,38283,4,4,1.0,1.0
langchain-ai/langchain,38282,4,4,1.0,1.0
langchain-ai/langchain,38281,3,3,1.0,1.0
langchain-ai/langchain,38280,3,3,1.0,1.0
langchain-ai/langchain,38279,3,3,1.0,1.0
langchain-ai/langchain,38278,110,110,4.230769230769231,4.230769230769231
langchain-ai/langchain,38277,24,24,1.0,1.0
langchain-ai/langchain,38275,0,0,0.0,0.0
langchain-ai/langchain,38274,122,122,1.0,1.0
langchain-ai/langchain,38273,0,0,0.0,0.0
langchain-ai/langchain,38272,338,338,3.484536082474227,3.484536082474227
langchain-ai/langchain,38271,218,218,4.954545454545454,4.954545454545454
langchain-ai/langchain,38270,107,107,6.294117647058823,6.294117647058823
facebook/react,36921,989,854,1.323962516733601,1.143239625167336
facebook/react,36920,9,9,0.8181818181818182,0.8181818181818182
facebook/react,36918,1,1,1.0,1.0
facebook/react,36917,1226,1014,1.454329774614472,1.2028469750889679
facebook/react,36916,29,22,1.9333333333333333,1.4666666666666666
facebook/react,36915,75,61,1.4150943396226414,1.150943396226415
facebook/react,36914,21,18,1.3125,1.125
facebook/react,36913,101,89,1.216867469879518,1.072289156626506
facebook/react,36912,55,51,1.1702127659574468,1.0851063829787233
facebook/react,36911,334,266,1.3858921161825726,1.103734439834025
facebook/react,36910,3,3,1.0,1.0
facebook/react,36909,500,494,0.9276437847866419,0.9165120593692022
facebook/react,36908,90,73,1.5,1.2166666666666666
facebook/react,36906,35,26,2.0588235294117645,1.5294117647058822
facebook/react,36905,162,138,1.2755905511811023,1.0866141732283465
facebook/react,36903,27,24,1.2857142857142858,1.1428571428571428
facebook/react,36901,151,118,1.776470588235294,1.388235294117647
facebook/react,36900,104,86,1.368421052631579,1.131578947368421
facebook/react,36899,175,137,1.6826923076923077,1.3173076923076923
facebook/react,36898,60,58,0.5454545454545454,0.5272727272727272
facebook/react,36897,290,231,1.4427860696517414,1.1492537313432836
facebook/react,36894,12,10,1.0909090909090908,0.9090909090909091
facebook/react,36893,146,146,1.0,1.0
facebook/react,36892,145,122,1.3181818181818181,1.1090909090909091
facebook/react,36891,327,261,1.5138888888888888,1.2083333333333333
facebook/react,36889,6,6,0.8571428571428571,0.8571428571428571
facebook/react,36888,0,0,0.0,0.0
facebook/react,36887,59,52,1.2291666666666667,1.0833333333333333
facebook/react,36886,607,475,1.6539509536784742,1.2942779291553133
facebook/react,36885,267,211,1.5344827586206897,1.2126436781609196
facebook/react,36884,272,207,1.8758620689655172,1.4275862068965517
facebook/react,36883,181,146,1.4836065573770492,1.1967213114754098
facebook/react,36882,503,451,1.1807511737089202,1.0586854460093897
facebook/react,36881,6,6,1.0,1.0
facebook/react,36879,914,767,1.3785822021116139,1.1568627450980393
facebook/react,36874,160,126,1.5686274509803921,1.2352941176470589
facebook/react,36873,60,49,1.5384615384615385,1.2564102564102564
facebook/react,36871,51,38,2.04,1.52
facebook/react,36870,287,234,1.3932038834951457,1.1359223300970873
facebook/react,36867,95,72,1.7272727272727273,1.309090909090909
facebook/react,36866,45,39,1.2857142857142858,1.1142857142857143
facebook/react,36865,38,29,1.7272727272727273,1.3181818181818181
facebook/react,36864,131,106,1.4086021505376345,1.1397849462365592
facebook/react,36863,5,4,5.0,4.0
facebook/react,36862,3,2,3.0,2.0
facebook/react,36861,33,26,1.5714285714285714,1.2380952380952381
facebook/react,36860,6,5,1.5,1.25
facebook/react,36859,12,11,1.2,1.1
facebook/react,36857,665,538,1.5182648401826484,1.2283105022831051
facebook/react,36856,221,205,1.1218274111675126,1.0406091370558375
facebook/react,36852,18,16,1.2,1.0666666666666667
facebook/react,36851,47,41,1.2702702702702702,1.1081081081081081
facebook/react,36850,45,39,1.2857142857142858,1.1142857142857143
facebook/react,36846,25,25,0.6756756756756757,0.6756756756756757
facebook/react,36844,1735,1392,1.52863436123348,1.226431718061674
facebook/react,36841,61,54,1.2448979591836735,1.1020408163265305
facebook/react,36840,5,5,1.0,1.0
facebook/react,36839,27,23,1.173913043478261,1.0
facebook/react,36838,3,2,1.5,1.0
facebook/react,36837,108,89,1.35,1.1125
facebook/react,36835,303,278,1.1520912547528517,1.0570342205323193
facebook/react,36833,0,0,0.0,0.0
facebook/react,36832,8432,7522,1.2026815004992155,1.0728854656967621
facebook/react,36831,309,254,1.522167487684729,1.251231527093596
facebook/react,36830,3,3,1.0,1.0
facebook/react,36829,277,228,1.4656084656084656,1.2063492063492063
facebook/react,36828,469,426,1.1301204819277109,1.0265060240963855
facebook/react,36827,4768,4036,1.2326783867631852,1.0434332988624613
facebook/react,36825,443,370,1.3715170278637772,1.1455108359133126
facebook/react,36824,298,252,1.386046511627907,1.172093023255814
facebook/react,36823,1813,1462,1.5146198830409356,1.2213868003341688
facebook/react,36822,141,120,1.2818181818181817,1.0909090909090908
facebook/react,36820,433,339,1.5631768953068592,1.2238267148014441
facebook/react,36819,83,67,1.4067796610169492,1.1355932203389831
facebook/react,36818,317,248,1.6424870466321244,1.2849740932642486
facebook/react,36817,7,5,2.3333333333333335,1.6666666666666667
facebook/react,36816,214,162,1.7983193277310925,1.361344537815126
facebook/react,36815,145,119,1.3181818181818181,1.0818181818181818
facebook/react,36813,52,41,1.6774193548387097,1.3225806451612903
facebook/react,36812,70,63,1.2727272727272727,1.1454545454545455
facebook/react,36811,1548,1292,1.494208494208494,1.247104247104247
facebook/react,36809,162,159,0.9878048780487805,0.9695121951219512
facebook/react,36808,1,1,1.0,1.0
facebook/react,36805,165,138,1.3524590163934427,1.1311475409836065
facebook/react,36804,74,65,1.2982456140350878,1.1403508771929824
facebook/react,36803,40,33,1.3333333333333333,1.1
facebook/react,36802,195,146,1.875,1.4038461538461537
facebook/react,36801,45,32,2.25,1.6
facebook/react,36799,43,32,2.0476190476190474,1.5238095238095237
facebook/react,36797,3,3,1.0,1.0
facebook/react,36796,164,164,0.9647058823529412,0.9647058823529412
facebook/react,36795,256,207,1.5238095238095237,1.2321428571428572
facebook/react,36794,31,25,1.55,1.25
facebook/react,36793,25,18,1.9230769230769231,1.3846153846153846
facebook/react,36792,16,15,1.0666666666666667,1.0
facebook/react,36791,1442,1123,1.6461187214611872,1.2819634703196348
facebook/react,36788,3,2,3.0,2.0
facebook/react,36786,498,429,1.2512562814070352,1.0778894472361809
facebook/react,36785,378,316,1.4157303370786516,1.1835205992509363
facebook/react,36782,273,215,1.5423728813559323,1.2146892655367232
facebook/react,36781,197,151,1.6554621848739495,1.26890756302521
facebook/react,36780,78,60,1.5918367346938775,1.2244897959183674
facebook/react,36779,205,165,1.5298507462686568,1.2313432835820894
facebook/react,36778,136,136,0.8343558282208589,0.8343558282208589
facebook/react,36777,217,170,1.631578947368421,1.2781954887218046
facebook/react,36776,100,84,1.2048192771084338,1.0120481927710843
facebook/react,36773,1,1,1.0,1.0
facebook/react,36772,43,33,1.5357142857142858,1.1785714285714286
facebook/react,36770,1372,1078,1.608440797186401,1.2637749120750292
facebook/react,36768,1,1,1.0,1.0
facebook/react,36767,37,29,1.6818181818181819,1.3181818181818181
facebook/react,36766,2,2,1.0,1.0
facebook/react,36764,72,58,1.44,1.16
facebook/react,36762,577,465,1.518421052631579,1.2236842105263157
facebook/react,36761,3,3,1.0,1.0
facebook/react,36759,86,84,1.048780487804878,1.024390243902439
facebook/react,36755,69,66,1.0952380952380953,1.0476190476190477
facebook/react,36754,74,71,1.088235294117647,1.0441176470588236
facebook/react,36753,75,72,1.0869565217391304,1.0434782608695652
facebook/react,36752,78,75,1.0833333333333333,1.0416666666666667
facebook/react,36751,133,95,2.3333333333333335,1.6666666666666667
facebook/react,36748,130,96,2.096774193548387,1.5483870967741935
facebook/react,36747,92,75,1.295774647887324,1.056338028169014
facebook/react,36746,2,2,1.0,1.0
facebook/react,36743,3576,3087,1.3796296296296295,1.1909722222222223
facebook/react,36742,64,50,1.5609756097560976,1.2195121951219512
facebook/react,36739,237,189,1.4107142857142858,1.125
facebook/react,36738,186,157,1.3191489361702127,1.1134751773049645
facebook/react,36737,211,170,1.4066666666666667,1.1333333333333333
facebook/react,36736,594,447,1.716763005780347,1.2919075144508672
facebook/react,36735,526,426,1.4371584699453552,1.1639344262295082
facebook/react,36734,668,510,1.6741854636591478,1.2781954887218046
facebook/react,36733,981,825,1.3701117318435754,1.1522346368715084
facebook/react,36732,368,289,1.546218487394958,1.2142857142857142
facebook/react,36731,620,525,1.341991341991342,1.1363636363636365
facebook/react,36730,528,482,1.1733333333333333,1.0711111111111111
facebook/react,36729,19,16,1.4615384615384615,1.2307692307692308
facebook/react,36728,229,178,1.6126760563380282,1.2535211267605635
facebook/react,36727,48,37,1.92,1.48
facebook/react,36726,10,10,0.9090909090909091,0.9090909090909091
facebook/react,36725,2,2,1.0,1.0
facebook/react,36724,25,25,0.9259259259259259,0.9259259259259259
facebook/react,36723,249,211,1.439306358381503,1.2196531791907514
facebook/react,36713,16,11,2.6666666666666665,1.8333333333333333
facebook/react,36712,1,1,1.0,1.0
facebook/react,36711,46,37,1.393939393939394,1.121212121212121
facebook/react,36710,124,102,1.3478260869565217,1.108695652173913
facebook/react,36709,413,334,1.454225352112676,1.176056338028169
facebook/react,36708,239,177,1.8384615384615384,1.3615384615384616
facebook/react,36707,2001,1824,1.2105263157894737,1.103448275862069
facebook/react,36706,1014,883,1.254950495049505,1.0928217821782178
facebook/react,36705,672,600,1.1748251748251748,1.048951048951049
facebook/react,36704,195,163,1.1607142857142858,0.9702380952380952
facebook/react,36703,108,88,1.3333333333333333,1.0864197530864197
facebook/react,36701,4464,3443,1.8423442014032192,1.4209657449442838
facebook/react,36700,40,40,0.9302325581395349,0.9302325581395349
facebook/react,36699,25,25,0.9259259259259259,0.9259259259259259
facebook/react,36698,2,2,1.0,1.0
facebook/react,36697,55,45,1.375,1.125
facebook/react,36696,14,10,2.0,1.4285714285714286
facebook/react,36695,143,103,1.7654320987654322,1.271604938271605
facebook/react,36694,52,46,1.3,1.15
facebook/react,36693,4,4,1.0,1.0
facebook/react,36692,4,3,2.0,1.5
facebook/react,36691,176,138,1.4193548387096775,1.1129032258064515
facebook/react,36690,1944,1630,1.2951365756162558,1.0859427048634245
facebook/react,36688,88,71,1.2054794520547945,0.9726027397260274
facebook/react,36687,1,1,1.0,1.0
facebook/react,36686,22,18,1.4666666666666666,1.2
facebook/react,36685,42,31,2.1,1.55
facebook/react,36684,9,9,1.0,1.0
facebook/react,36683,91,77,1.4444444444444444,1.2222222222222223
facebook/react,36682,380,315,1.3919413919413919,1.1538461538461537
facebook/react,36681,141,121,1.3177570093457944,1.1308411214953271
facebook/react,36613,8,7,1.1428571428571428,1.0
facebook/react,36604,1,1,1.0,1.0
facebook/react,36603,0,0,0.0,0.0
facebook/react,36602,3,2,1.5,1.0
facebook/react,36600,1563,1390,1.1509572901325478,1.0235640648011781
facebook/react,36599,217,177,1.4,1.1419354838709677
facebook/react,36598,959,809,1.322758620689655,1.1158620689655172
facebook/react,36597,3265,2579,1.5094775774387426,1.192325473878872
facebook/react,36595,152,129,1.2773109243697478,1.084033613445378
facebook/react,36593,454,392,1.2042440318302388,1.039787798408488
facebook/react,36592,906,708,1.5894736842105264,1.2421052631578948
facebook/react,36591,28,27,1.0769230769230769,1.0384615384615385
facebook/react,36590,34,33,1.0625,1.03125
facebook/react,36589,30,29,1.0714285714285714,1.0357142857142858
facebook/react,36588,1,1,1.0,1.0
facebook/react,36586,182,149,1.4330708661417322,1.1732283464566928
facebook/react,36585,392,305,1.6065573770491803,1.25
facebook/react,36584,197,155,1.5511811023622046,1.220472440944882
facebook/react,36583,72,54,2.0,1.5
facebook/react,36581,13,9,2.6,1.8
facebook/react,36580,482,380,1.6283783783783783,1.2837837837837838
facebook/react,36578,25,25,0.9259259259259259,0.9259259259259259
facebook/react,36576,146,115,1.6043956043956045,1.2637362637362637
facebook/react,36575,301,241,1.49009900990099,1.193069306930693
facebook/react,36574,104,85,1.3506493506493507,1.103896103896104
facebook/react,36570,416,376,1.1751412429378532,1.0621468926553672
facebook/react,36568,657,536,1.4764044943820225,1.2044943820224718
facebook/react,36567,926,757,1.4792332268370607,1.20926517571885
facebook/react,36566,910,745,1.4748784440842788,1.2074554294975688
facebook/react,36565,541,456,1.4661246612466126,1.2357723577235773
facebook/react,36564,34,30,1.1724137931034482,1.0344827586206897
facebook/react,36561,42,36,1.2352941176470589,1.0588235294117647
facebook/react,36560,544,462,1.442970822281167,1.2254641909814323
facebook/react,36559,10,8,1.6666666666666667,1.3333333333333333
facebook/react,36558,10,8,1.6666666666666667,1.3333333333333333
facebook/react,36557,709,592,1.2287694974003467,1.025996533795494
facebook/react,36555,53,53,0.9464285714285714,0.9464285714285714
facebook/react,36554,0,0,0.0,0.0
facebook/react,36553,25,25,1.0869565217391304,1.0869565217391304
facebook/react,36552,2,2,1.0,1.0
facebook/react,36551,1,1,1.0,1.0
facebook/react,36550,554,470,1.450261780104712,1.2303664921465969
facebook/react,36547,6,6,1.0,1.0
facebook/react,36546,1,1,1.0,1.0
facebook/react,36544,262,218,1.336734693877551,1.1122448979591837
facebook/react,36543,3,3,1.0,1.0
facebook/react,36542,0,0,0.0,0.0
facebook/react,36541,282,220,1.5754189944134078,1.229050279329609
facebook/react,36540,22,20,0.55,0.5
facebook/react,36539,251,193,1.6193548387096774,1.2451612903225806
facebook/react,36538,297,222,1.778443113772455,1.3293413173652695
facebook/react,36537,312,241,1.6595744680851063,1.2819148936170213
facebook/react,36533,77,75,1.4,1.3636363636363635
facebook/react,36532,4,4,0.8,0.8
facebook/react,36531,97,81,1.6724137931034482,1.396551724137931
facebook/react,36530,114,92,1.4074074074074074,1.1358024691358024
facebook/react,36528,3,3,1.0,1.0
facebook/react,36526,3,3,1.0,1.0
facebook/react,36524,1,1,1.0,1.0
facebook/react,36523,69,51,1.864864864864865,1.3783783783783783
facebook/react,36522,11,11,1.0,1.0
facebook/react,36521,16,16,0.8,0.8
facebook/react,36520,11,11,1.0,1.0
facebook/react,36519,17,17,1.0,1.0
facebook/react,36518,72,70,1.0588235294117647,1.0294117647058822
facebook/react,36517,16,16,1.0,1.0
facebook/react,36516,406,332,1.4551971326164874,1.189964157706093
facebook/react,36515,2245,1836,1.362257281553398,1.1140776699029127
facebook/react,36514,9,8,1.2857142857142858,1.1428571428571428
facebook/react,36513,19,15,1.7272727272727273,1.3636363636363635
facebook/react,36512,414,358,1.1694915254237288,1.0112994350282485
facebook/react,36511,408,352,1.175792507204611,1.0144092219020173
facebook/react,36510,256,214,1.3403141361256545,1.1204188481675392
facebook/react,36509,252,210,1.3475935828877006,1.1229946524064172
facebook/react,36508,67,54,1.5952380952380953,1.2857142857142858
facebook/react,36507,28,22,1.75,1.375
facebook/react,36506,219,181,1.5,1.2397260273972603
facebook/react,36505,207,169,1.544776119402985,1.2611940298507462
facebook/react,36504,165,130,1.736842105263158,1.368421052631579
facebook/react,36503,117,91,1.8,1.4
facebook/react,36502,11,9,1.5714285714285714,1.2857142857142858
facebook/react,36501,11,9,1.5714285714285714,1.2857142857142858
facebook/react,36500,34,26,1.8888888888888888,1.4444444444444444
facebook/react,36499,15,15,1.0,1.0
facebook/react,36498,297,229,1.6229508196721312,1.2513661202185793
facebook/react,36496,88,63,1.7959183673469388,1.2857142857142858
facebook/react,36493,406,341,1.367003367003367,1.1481481481481481
facebook/react,36492,251,233,1.081896551724138,1.0043103448275863
facebook/react,36490,832,815,0.9530355097365406,0.9335624284077892
facebook/react,36489,4,3,2.0,1.5
facebook/react,36487,9,8,1.2857142857142858,1.1428571428571428
facebook/react,36486,6,6,1.0,1.0
facebook/react,36485,66,52,1.65,1.3
facebook/react,36483,94,94,0.734375,0.734375
facebook/react,36482,671,498,1.8135135135135134,1.345945945945946
facebook/react,36481,40,35,1.25,1.09375
facebook/react,36480,23,19,1.4375,1.1875
facebook/react,36479,13,10,1.8571428571428572,1.4285714285714286
facebook/react,36478,141,110,1.5326086956521738,1.1956521739130435
facebook/react,36477,219187,177235,1.4028237342156968,1.134325779054958
facebook/react,36476,17,14,1.4166666666666667,1.1666666666666667
facebook/react,36475,222125,179452,1.3942941434938172,1.1264327411964095
facebook/react,36474,71,58,1.3148148148148149,1.0740740740740742
facebook/react,36473,78,72,1.1304347826086956,1.0434782608695652
facebook/react,36472,77,74,1.013157894736842,0.9736842105263158
facebook/react,36471,119,99,1.3837209302325582,1.1511627906976745
facebook/react,36468,911,746,1.4741100323624596,1.2071197411003236
facebook/react,36467,392,318,1.3706293706293706,1.1118881118881119
facebook/react,36466,3,3,1.0,1.0
facebook/react,36465,92,75,1.4375,1.171875
facebook/react,36464,375,288,1.7123287671232876,1.3150684931506849
facebook/react,36463,88,77,1.1578947368421053,1.013157894736842
facebook/react,36462,88,77,1.1578947368421053,1.013157894736842
facebook/react,36457,41,41,0.9318181818181818,0.9318181818181818
facebook/react,36456,544,462,1.442970822281167,1.2254641909814323
facebook/react,36455,171,133,1.6285714285714286,1.2666666666666666
facebook/react,36454,1,1,1.0,1.0
facebook/react,36453,177,145,1.330827067669173,1.0902255639097744
facebook/react,36452,50,50,0.8771929824561403,0.8771929824561403
facebook/react,36451,195,159,1.5,1.2230769230769232
facebook/react,36445,1,1,1.0,1.0
facebook/react,36443,124,98,1.6103896103896105,1.2727272727272727
facebook/react,36441,26,22,1.2380952380952381,1.0476190476190477
facebook/react,36439,82,82,0.8913043478260869,0.8913043478260869
facebook/react,36438,24,21,1.3333333333333333,1.1666666666666667
facebook/react,36437,29,23,1.5263157894736843,1.2105263157894737
apache/spark,56985,197,183,1.0591397849462365,0.9838709677419355
apache/spark,56984,407,379,1.0626631853785902,0.9895561357702349
apache/spark,56983,3,3,1.0,1.0
apache/spark,56982,14,14,1.0,1.0
apache/spark,56981,336,283,1.3333333333333333,1.123015873015873
apache/spark,56980,10,10,1.0,1.0
apache/spark,56979,18,18,1.0,1.0
apache/spark,56978,96,80,1.352112676056338,1.1267605633802817
apache/spark,56977,203,163,1.45,1.1642857142857144
apache/spark,56976,23,17,1.9166666666666667,1.4166666666666667
apache/spark,56975,224,186,1.4088050314465408,1.169811320754717
apache/spark,56974,331,269,1.445414847161572,1.1746724890829694
apache/spark,56973,28,25,1.0769230769230769,0.9615384615384616
apache/spark,56972,2,2,1.0,1.0
apache/spark,56971,79,68,1.2950819672131149,1.1147540983606556
apache/spark,56970,60,51,1.25,1.0625
apache/spark,56969,345,328,0.9126984126984127,0.8677248677248677
apache/spark,56968,551,511,1.0357142857142858,0.9605263157894737
apache/spark,56967,68,57,1.3076923076923077,1.0961538461538463
apache/spark,56966,87,77,1.144736842105263,1.013157894736842
apache/spark,56965,420,339,1.4482758620689655,1.1689655172413793
apache/spark,56964,6,6,1.0,1.0
apache/spark,56963,114,94,1.3571428571428572,1.119047619047619
apache/spark,56962,57,49,1.3902439024390243,1.1951219512195121
apache/spark,56961,417,384,1.1002638522427441,1.0131926121372032
apache/spark,56960,38,32,1.4074074074074074,1.1851851851851851
apache/spark,56959,30,29,1.0344827586206897,1.0
apache/spark,56958,157,157,5.607142857142857,5.607142857142857
apache/spark,56957,454,377,1.355223880597015,1.1253731343283582
apache/spark,56954,41,30,2.1578947368421053,1.5789473684210527
apache/spark,56953,17,16,1.0625,1.0
apache/spark,56952,39,30,1.8571428571428572,1.4285714285714286
apache/spark,56951,911,804,1.1846553966189857,1.0455136540962289
apache/spark,56950,2,2,1.0,1.0
apache/spark,56949,171,160,2.011764705882353,1.8823529411764706
apache/spark,56948,1,1,0.5,0.5
apache/spark,56947,0,0,0.0,0.0
apache/spark,56946,61,59,1.0,0.9672131147540983
apache/spark,56945,45,40,1.2162162162162162,1.0810810810810811
apache/spark,56944,213,196,1.109375,1.0208333333333333
apache/spark,56943,281,281,2.361344537815126,2.361344537815126
apache/spark,56942,349,314,1.1442622950819672,1.0295081967213116
apache/spark,56941,293,274,1.0732600732600732,1.0036630036630036
apache/spark,56940,454,454,2.6863905325443787,2.6863905325443787
apache/spark,56938,139,139,4.483870967741935,4.483870967741935
apache/spark,56937,0,0,0.0,0.0
apache/spark,56936,572,432,1.7280966767371602,1.3051359516616314
apache/spark,56935,125,111,1.2135922330097086,1.0776699029126213
apache/spark,56934,47,45,0.9591836734693877,0.9183673469387755
apache/spark,56933,429,428,0.8790983606557377,0.8770491803278688
apache/spark,56932,514,489,0.9922779922779923,0.944015444015444
apache/spark,56931,36,35,1.0588235294117647,1.0294117647058822
apache/spark,56930,120,112,1.0256410256410255,0.9572649572649573
apache/spark,56928,961,812,1.318244170096022,1.1138545953360768
apache/spark,56927,81,69,1.3064516129032258,1.1129032258064515
apache/spark,56926,191,170,1.07909604519774,0.96045197740113
apache/spark,56925,164,164,6.56,6.56
apache/spark,56924,45,45,15.0,15.0
apache/spark,56923,46,46,15.333333333333334,15.333333333333334
apache/spark,56921,205,176,1.3225806451612903,1.135483870967742
apache/spark,56920,92,73,1.4838709677419355,1.1774193548387097
apache/spark,56919,776,636,1.4397031539888683,1.1799628942486085
apache/spark,56918,7,7,1.4,1.4
apache/spark,56917,51,51,0.864406779661017,0.864406779661017
apache/spark,56916,11,9,1.5714285714285714,1.2857142857142858
apache/spark,56915,1,1,1.0,1.0
apache/spark,56914,7,7,7.0,7.0
apache/spark,56913,588,525,1.3867924528301887,1.2382075471698113
apache/spark,56912,0,0,0.0,0.0
apache/spark,56911,9,9,1.0,1.0
apache/spark,56910,87,81,1.0875,1.0125
apache/spark,56909,1487,1457,3.822622107969152,3.7455012853470437
apache/spark,56908,120,112,1.1111111111111112,1.037037037037037
apache/spark,56907,4309,4308,4.374619289340101,4.3736040609137055
apache/spark,56906,365,331,1.1928104575163399,1.0816993464052287
apache/spark,56905,34,33,1.0625,1.03125
apache/spark,56904,246,221,1.1549295774647887,1.0375586854460095
apache/spark,56903,34,30,1.096774193548387,0.967741935483871
apache/spark,56902,32,28,1.28,1.12
apache/spark,56901,3,2,3.0,2.0
apache/spark,56900,126,109,1.2475247524752475,1.0792079207920793
apache/spark,56899,61,51,1.326086956521739,1.108695652173913
apache/spark,56898,133,110,1.3854166666666667,1.1458333333333333
apache/spark,56897,2,2,1.0,1.0
apache/spark,56896,4,4,1.0,1.0
apache/spark,56895,64,51,1.641025641025641,1.3076923076923077
apache/spark,56894,78,78,0.75,0.75
apache/spark,56892,46,40,1.7692307692307692,1.5384615384615385
apache/spark,56891,937,891,0.9332669322709163,0.8874501992031872
apache/spark,56890,3,3,1.0,1.0
apache/spark,56889,177,169,0.9672131147540983,0.9234972677595629
apache/spark,56888,114,102,1.1287128712871286,1.00990099009901
apache/spark,56887,60,55,1.1111111111111112,1.0185185185185186
apache/spark,56886,2,2,1.0,1.0
apache/spark,56885,19,18,1.1176470588235294,1.0588235294117647
apache/spark,56884,48,44,1.1162790697674418,1.0232558139534884
apache/spark,56883,1,1,1.0,1.0
apache/spark,56880,131,116,1.2843137254901962,1.1372549019607843
apache/spark,56879,1294,1075,1.3693121693121693,1.1375661375661377
apache/spark,56878,1278,1062,1.372717508055854,1.1407089151450054
apache/spark,56877,1,1,1.0,1.0
apache/spark,56876,3,3,1.0,1.0
apache/spark,56874,16,16,0.9411764705882353,0.9411764705882353
apache/spark,56873,31,30,0.9393939393939394,0.9090909090909091
apache/spark,56872,21,21,0.9545454545454546,0.9545454545454546
apache/spark,56871,21,19,1.105263157894737,1.0
apache/spark,56870,1,1,1.0,1.0
apache/spark,56869,436,349,1.5854545454545454,1.269090909090909
apache/spark,56868,3,3,1.0,1.0
apache/spark,56867,59,55,1.1132075471698113,1.0377358490566038
apache/spark,56866,4,3,2.0,1.5
apache/spark,56865,428,393,1.1536388140161724,1.059299191374663
apache/spark,56864,556,516,1.2930232558139534,1.2
apache/spark,56863,16,16,1.3333333333333333,1.3333333333333333
apache/spark,56861,208,185,1.1885714285714286,1.0571428571428572
apache/spark,56860,72,58,1.469387755102041,1.183673469387755
apache/spark,56859,72,66,1.1612903225806452,1.064516129032258
apache/spark,56858,197,184,1.0706521739130435,1.0
apache/spark,56857,91,84,1.1097560975609757,1.024390243902439
apache/spark,56856,29,29,3.625,3.625
apache/spark,56855,177,177,5.709677419354839,5.709677419354839
apache/spark,56854,307,271,1.2530612244897958,1.1061224489795918
apache/spark,56852,60,60,0.9836065573770492,0.9836065573770492
apache/spark,56851,4,4,1.0,1.0
apache/spark,56850,118,100,1.2826086956521738,1.0869565217391304
apache/spark,56849,504,423,1.2989690721649485,1.0902061855670102
apache/spark,56848,746,716,1.0733812949640287,1.0302158273381294
apache/spark,56847,222,205,1.11,1.025
apache/spark,56846,152,142,1.1014492753623188,1.0289855072463767
apache/spark,56845,32,29,1.1428571428571428,1.0357142857142858
apache/spark,56844,135,135,1.0,1.0
apache/spark,56843,135,135,1.0,1.0
apache/spark,56842,362,292,1.4308300395256917,1.1541501976284585
apache/spark,56841,2,2,1.0,1.0
apache/spark,56840,64,54,1.3061224489795917,1.1020408163265305
apache/spark,56839,76,65,1.2666666666666666,1.0833333333333333
apache/spark,56838,76,65,1.2666666666666666,1.0833333333333333
apache/spark,56837,76,65,1.2666666666666666,1.0833333333333333
apache/spark,56836,29,23,1.5263157894736843,1.2105263157894737
apache/spark,56835,13,13,1.0,1.0
apache/spark,56832,17,16,1.0625,1.0
apache/spark,56831,76,65,1.2666666666666666,1.0833333333333333
apache/spark,56830,5,5,1.0,1.0
apache/spark,56829,6,5,1.5,1.25
apache/spark,56828,813,682,1.3733108108108107,1.152027027027027
apache/spark,56827,48,47,0.96,0.94
apache/spark,56826,39,37,1.0,0.9487179487179487
apache/spark,56825,624,555,1.2211350293542074,1.086105675146771
apache/spark,56824,4,4,0.8,0.8
apache/spark,56823,43,40,1.048780487804878,0.975609756097561
apache/spark,56822,9,7,1.2857142857142858,1.0
apache/spark,56821,9,6,3.0,2.0
apache/spark,56820,37,32,1.3703703703703705,1.1851851851851851
apache/spark,56819,310,310,0.7434052757793765,0.7434052757793765
apache/spark,56818,98,86,1.2564102564102564,1.1025641025641026
apache/spark,56817,9,9,1.0,1.0
apache/spark,56815,21,20,1.105263157894737,1.0526315789473684
apache/spark,56814,3,3,1.0,1.0
apache/spark,56813,1,1,1.0,1.0
apache/spark,56812,293,254,1.2259414225941423,1.0627615062761506
apache/spark,56811,893,845,1.0311778290993072,0.9757505773672055
apache/spark,56810,325,275,1.3541666666666667,1.1458333333333333
apache/spark,56809,1294,1271,0.945906432748538,0.929093567251462
apache/spark,56808,734,662,1.1104387291981845,1.0015128593040847
apache/spark,56807,83,78,0.9764705882352941,0.9176470588235294
apache/spark,56806,78,52,2.7857142857142856,1.8571428571428572
apache/spark,56805,468,448,0.8715083798882681,0.8342644320297952
apache/spark,56804,1282,1065,1.3410041841004183,1.1140167364016735
apache/spark,56803,1,1,1.0,1.0
apache/spark,56802,41,35,1.2424242424242424,1.0606060606060606
apache/spark,56801,1,1,1.0,1.0
apache/spark,56800,23,19,1.3529411764705883,1.1176470588235294
apache/spark,56799,159,129,1.5142857142857142,1.2285714285714286
apache/spark,56798,630,557,1.4093959731543624,1.2460850111856823
apache/spark,56797,328,327,0.9820359281437125,0.9790419161676647
apache/spark,56796,1353,1210,1.1593830334190232,1.0368466152527849
apache/spark,56795,4,4,1.0,1.0
apache/spark,56794,782,782,4.739393939393939,4.739393939393939
apache/spark,56793,2449,2086,1.2636738906088751,1.0763673890608876
apache/spark,56792,134,124,1.0551181102362204,0.9763779527559056
apache/spark,56791,42,35,1.4,1.1666666666666667
apache/spark,56790,18,16,1.2857142857142858,1.1428571428571428
apache/spark,56789,46,46,0.92,0.92
apache/spark,56788,38,38,0.8837209302325582,0.8837209302325582
apache/spark,56787,62,60,0.9117647058823529,0.8823529411764706
apache/spark,56786,33,33,0.9166666666666666,0.9166666666666666
apache/spark,56785,25,21,1.25,1.05
apache/spark,56784,980,839,1.2777053455019556,1.0938722294654497
apache/spark,56783,98,90,1.1264367816091954,1.0344827586206897
apache/spark,56782,1,1,1.0,1.0
apache/spark,56781,5,4,1.25,1.0
apache/spark,56780,2,2,1.0,1.0
apache/spark,56779,9,9,1.0,1.0
apache/spark,56778,102,91,1.2142857142857142,1.0833333333333333
apache/spark,56777,276,252,1.108433734939759,1.0120481927710843
apache/spark,56776,5,5,1.0,1.0
apache/spark,56774,13,13,1.1818181818181819,1.1818181818181819
apache/spark,56773,0,0,0.0,0.0
apache/spark,56772,159,129,1.5142857142857142,1.2285714285714286
apache/spark,56771,65,60,1.1403508771929824,1.0526315789473684
apache/spark,56770,100,100,0.970873786407767,0.970873786407767
apache/spark,56769,18,14,1.8,1.4
apache/spark,56768,2,2,1.0,1.0
apache/spark,56767,168,155,1.0,0.9226190476190477
apache/spark,56766,55,43,1.5277777777777777,1.1944444444444444
apache/spark,56765,1,1,1.0,1.0
apache/spark,56764,96,89,1.1294117647058823,1.0470588235294118
apache/spark,56763,1,1,1.0,1.0
apache/spark,56762,1,1,1.0,1.0
apache/spark,56761,1,1,1.0,1.0
apache/spark,56759,111,92,1.2758620689655173,1.0574712643678161
apache/spark,56758,1,1,1.0,1.0
apache/spark,56757,11,11,1.0,1.0
apache/spark,56756,1139,964,1.3290548424737456,1.1248541423570595
apache/spark,56755,30,30,3.3333333333333335,3.3333333333333335
apache/spark,56754,42,42,0.875,0.875
apache/spark,56753,2,2,1.0,1.0
apache/spark,56752,1122,1121,3.8689655172413793,3.8655172413793104
apache/spark,56751,1,1,1.0,1.0
apache/spark,56750,2,2,1.0,1.0
apache/spark,56749,9,9,1.0,1.0
apache/spark,56748,27,17,3.857142857142857,2.4285714285714284
apache/spark,56747,39,27,1.7727272727272727,1.2272727272727273
apache/spark,56746,20,18,1.25,1.125
apache/spark,56745,1,1,1.0,1.0
apache/spark,56744,537,500,0.9962894248608535,0.9276437847866419
apache/spark,56743,18,16,1.125,1.0
apache/spark,56742,206,174,1.2560975609756098,1.0609756097560976
apache/spark,56741,14,14,1.2727272727272727,1.2727272727272727
apache/spark,56740,98,82,1.240506329113924,1.0379746835443038
apache/spark,56739,553,468,1.286046511627907,1.0883720930232559
apache/spark,56736,9,7,1.8,1.4
apache/spark,56735,493,407,1.361878453038674,1.1243093922651934
apache/spark,56734,3,3,1.0,1.0
apache/spark,56733,1555,1464,0.9557467732022127,0.8998156115550092
apache/spark,56732,19,17,1.1875,1.0625
apache/spark,56731,57,50,1.163265306122449,1.0204081632653061
apache/spark,56730,131,131,2.911111111111111,2.911111111111111
apache/spark,56729,77,60,1.6382978723404256,1.2765957446808511
apache/spark,56728,53,44,1.4722222222222223,1.2222222222222223
apache/spark,56725,41,41,0.9761904761904762,0.9761904761904762
apache/spark,56724,11,11,1.0,1.0
apache/spark,56723,7,5,2.3333333333333335,1.6666666666666667
apache/spark,56722,32,27,1.4545454545454546,1.2272727272727273
apache/spark,56721,42,35,1.4,1.1666666666666667
apache/spark,56720,12,12,0.75,0.75
apache/spark,56718,116,99,1.3333333333333333,1.1379310344827587
apache/spark,56717,18,18,0.9473684210526315,0.9473684210526315
apache/spark,56716,274,240,1.2685185185185186,1.1111111111111112
apache/spark,56715,11,9,1.5714285714285714,1.2857142857142858
apache/spark,56714,197,174,1.2389937106918238,1.0943396226415094
apache/spark,56713,3,2,1.5,1.0
apache/spark,56712,1711,1577,1.0905035054174634,1.0050987890376035
apache/spark,56711,50,45,1.2195121951219512,1.0975609756097562
apache/spark,56710,244,238,0.9070631970260223,0.8847583643122676
apache/spark,56709,490,402,1.4583333333333333,1.1964285714285714
apache/spark,56708,572,566,0.9533333333333334,0.9433333333333334
apache/spark,56707,171,156,1.0961538461538463,1.0
apache/spark,56706,171,156,1.0961538461538463,1.0
apache/spark,56704,4,4,1.0,1.0
apache/spark,56703,1135,1013,1.2853907134767837,1.1472253680634201
apache/spark,56702,2668,2204,1.4191489361702128,1.172340425531915
apache/spark,56701,70,53,1.627906976744186,1.2325581395348837
apache/spark,56700,269,228,1.3865979381443299,1.175257731958763
apache/spark,56699,1,1,1.0,1.0
apache/spark,56698,77,70,1.1159420289855073,1.0144927536231885
apache/spark,56697,69,63,1.0298507462686568,0.9402985074626866
apache/spark,56696,1,1,1.0,1.0
apache/spark,56695,0,0,0.0,0.0
apache/spark,56694,113,89,1.661764705882353,1.3088235294117647
apache/spark,56692,89,75,1.328358208955224,1.1194029850746268
apache/spark,56691,12,10,1.2,1.0
apache/spark,56690,620,620,0.7898089171974523,0.7898089171974523
apache/spark,56689,1,1,1.0,1.0
apache/spark,56688,364,325,1.2013201320132014,1.0726072607260726
apache/spark,56686,947,838,1.2094508301404854,1.070242656449553
apache/spark,56684,318,283,1.164835164835165,1.0366300366300367
apache/spark,56683,62,54,1.2916666666666667,1.125
apache/spark,56682,56,49,1.2727272727272727,1.1136363636363635
apache/spark,56681,152,131,1.3217391304347825,1.1391304347826088
apache/spark,56680,26,26,1.04,1.04
apache/spark,56679,50,46,1.1111111111111112,1.0222222222222221
apache/spark,56678,0,0,0.0,0.0
apache/spark,56677,1517,1423,0.9577020202020202,0.8983585858585859
